"top x%","lung cancer death % cutpoint","lung cancer incidence % cutpoint","false positive risk cutpoint"
0.001,16.590747981391,22.0090159705277,49.171378464244
0.002,14.8339082379267,20.376460605373,48.7332538624453
0.003,13.9530936068202,19.6984246631687,48.5410409994001
0.004,13.5776667295285,18.6940839287154,48.2440249837108
0.005,13.2579448873472,18.330822300682,48.1327214028505
0.006,13.0064195422035,17.795790695131,47.9647810160368
0.007,12.7058809942829,17.4293338995795,47.8468718916352
0.008,12.4848362922809,16.9462106021682,47.6876554019465
0.009,12.2569297675819,16.605870929596,47.5728017783051
0.01,11.9691593557066,16.1883726471711,47.4287202093171
0.011,11.6561370414317,15.8937957321915,47.3248550427531
0.012,11.5373718952334,15.6581235448025,47.240394499076
0.013,11.4087791455706,15.476322467346,47.1743869135669
0.014,11.2317914852437,15.3379875217303,47.1236511711479
0.015,11.1173474451938,15.0675872845539,47.0231750244702
0.016,10.9677078538521,14.8253003487324,46.9316380673899
0.017,10.8158623596073,14.6486315544427,46.8639665238867
0.018,10.5712706924141,14.4920807582039,46.803332090597
0.019,10.4490017955471,14.2387716077454,46.7038550375201
0.02,10.3003397115512,14.1266287629515,46.6592630479396
0.021,10.1851371025902,13.9224813850978,46.5771935294304
0.022,10.0262412137856,13.7809304248153,46.5195969982522
0.023,9.90368026951421,13.6962368194669,46.4848592364027
0.024,9.79799530908152,13.5749937359206,46.4347644647702
0.025,9.72267303572135,13.4494352476946,46.3824252586194
0.026,9.63129970880848,13.3537839688525,46.342232627063
0.027,9.56832921260013,13.2774740864313,46.3099657319394
0.028,9.48538320700932,13.1436992482811,46.2529622713223
0.029,9.42795499409477,13.0149535391315,46.1975661129875
0.03,9.29325093580773,12.9330107121264,46.1620297590579
0.031,9.15705065966358,12.7720398281776,46.0915788499132
0.032,9.06416026506216,12.681204649807,46.051441627415
0.033,8.96586425546139,12.5663437327489,46.0002860804694
0.034,8.92591906399994,12.4889836886311,45.9655754917086
0.035,8.81558637406656,12.4409633971383,45.9439240537958
0.036,8.76443329636363,12.3351521568145,45.8959277337525
0.037,8.69651268847501,12.2340107807279,45.8496742876298
0.038,8.61775126194992,12.134172560456,45.8036510584045
0.039,8.5244252019838,12.0607790184631,45.7695830980572
0.04,8.493821184801,11.9386869954766,45.7124617052733
0.041,8.38748197800702,11.7971359892168,45.645522168712
0.042,8.27361699429525,11.7214585134338,45.6094137867204
0.043,8.20644210287022,11.5495180394593,45.5265269583922
0.044,8.16285945636135,11.4667005607578,45.4861753531024
0.045,8.10260119075133,11.3741840941738,45.4407624891976
0.046,8.06900797757648,11.2863833466953,45.3973319517819
0.047,8.01293340260922,11.2124083646601,45.3604853414702
0.048,7.96114254275934,11.1373716895597,45.3228684115034
0.049,7.9231086694759,11.108891958691,45.3085267948077
0.05,7.87544575536511,11.0422655013785,45.2748358781642
0.051,7.84622967123549,10.9654073011755,45.2357255901263
0.052,7.79034308362316,10.911181099949,45.2079717964505
0.053,7.74674361759913,10.8441383361378,45.1734730232618
0.054,7.70707270661694,10.8073315479221,45.1544451110321
0.055,7.6406437883338,10.7650450999456,45.1325067830388
0.056,7.59161041150694,10.6326062432533,45.0632532768133
0.057,7.54302154078347,10.5694987247634,45.0299595318408
0.058,7.50967704447045,10.4881084304842,44.9867351211558
0.059,7.4375576963045,10.4033355793814,44.9413678842387
0.06,7.37737831135942,10.3324706013578,44.9031683525466
0.061,7.34771023368038,10.2463900426847,44.8564246087966
0.062,7.29318888906778,10.2054730567022,44.8340724269104
0.063,7.23624963778443,10.1531047524499,44.8053378509044
0.064,7.17103247817045,10.1305194307861,44.7929009990751
0.065,7.1255347328432,10.0822082825682,44.7662077099519
0.066,7.07575617247994,10.0286191992844,44.7364531976251
0.067,7.03968615177306,9.94575517545505,44.6901403639284
0.068,7.00443679551695,9.88022771285576,44.6532522065542
0.069,6.93470374905484,9.84075601075797,44.6309176949201
0.07,6.87117707492416,9.78387468997601,44.5985795171221
0.071,6.82730306681578,9.74702025192382,44.5775299425228
0.072,6.77379005741945,9.68846865312826,44.5439293601224
0.073,6.73398766535045,9.62353329508624,44.5064352991226
0.074,6.70644530256565,9.56644675438512,44.4732708927225
0.075,6.65684014116973,9.51333153298213,44.4422416130289
0.076,6.6053993564237,9.47196793501024,44.4179614653147
0.077,6.55783701733114,9.42619145647312,44.3909714198487
0.078,6.53864095557069,9.37687478736272,44.3617521702581
0.079,6.47190126074644,9.34592770967231,44.3433407701159
0.08,6.44498324813867,9.29582340184501,44.3134070659362
0.081,6.42238768719559,9.26442139767114,44.294567201527
0.082,6.38861146922622,9.22439010269742,44.2704606265864
0.083,6.3488408116502,9.1898924408314,44.2496052957371
0.084,6.31771316257823,9.15496514236405,44.2284131806005
0.085,6.29224748006802,9.10257004612038,44.1964758546678
0.086,6.25368159134479,9.03909547727025,44.157546806577
0.087,6.20871010099898,9.01545916957843,44.1429832594723
0.088,6.17198641641297,8.94835326400429,44.1014344148762
0.089,6.15099382416137,8.9076021224059,44.0760564284868
0.09,6.10731785164912,8.83977829163704,44.0335697161929
0.091,6.08251200278585,8.77585094830531,43.9932353974409
0.092,6.06358179194511,8.74462500971045,43.9734307155341
0.093,6.0340247967532,8.68208501880214,43.9335598307707
0.094,5.99180546657771,8.63305673122247,43.9021091531509
0.095,5.96739749565695,8.60856530405103,43.8863339230026
0.096,5.94368647175776,8.57614670270777,43.8653861253605
0.097,5.91266511275033,8.54082672863254,43.8424766215131
0.098,5.87485783539759,8.51480593237945,43.8255404086018
0.099,5.8249223813082,8.46306686288145,43.7917163891127
0.1,5.78576482061144,8.42230658391285,43.7649292465445
0.101,5.76503446227985,8.36239052014139,43.7253258642644
0.102,5.73684067756714,8.32472024928127,43.7002865269268
0.103,5.70965268713545,8.29788733460538,43.6823842003912
0.104,5.68154108555631,8.27378466458567,43.6662558996848
0.105,5.65835532589192,8.20750505050216,43.6216708289181
0.106,5.62873708634612,8.17251586132495,43.5979944319709
0.107,5.60693682267,8.13430291628419,43.5720249957107
0.108,5.5743925792993,8.10822875339659,43.5542376498798
0.109,5.5465488746022,8.05125858486906,43.5151815042564
0.11,5.52478872589118,8.0197679326447,43.4934788156957
0.111,5.4998810848029,7.99305867279986,43.4750070801452
0.112,5.47569295104047,7.95300732955335,43.4471967048021
0.113,5.45527726662808,7.92363667031423,43.4267170055598
0.114,5.43726345442754,7.8935192152939,43.4056407060477
0.115,5.40236665304661,7.85289855121469,43.377091543172
0.116,5.38357400600672,7.82685238495641,43.3587109554177
0.117,5.36792249037735,7.78555938801707,43.3294500594382
0.118,5.33308544362227,7.74815307726739,43.3028144027406
0.119,5.30776861525536,7.71820354575361,43.2813992940981
0.12,5.28098952071053,7.69028908451366,43.2613673899296
0.121,5.26334355810344,7.66591743655127,43.2438207140118
0.122,5.24369375183554,7.65047383922911,43.2326741639429
0.123,5.20869412022736,7.62537536520712,43.214512971164
0.124,5.19045302471311,7.56812195812481,43.1728689218198
0.125,5.16783509952123,7.53205539420536,43.146479932017
0.126,5.14218209355446,7.48516617295964,43.1119904279941
0.127,5.11438944570144,7.44559834088582,43.0827245687702
0.128,5.10315756496974,7.42031768157266,43.0639478350921
0.129,5.07926044321487,7.38958207879865,43.0410367307965
0.13,5.06062372333394,7.33639079125497,43.0011698019721
0.131,5.03326247724489,7.31125383549832,42.982233096467
0.132,5.0109580340811,7.26531515595157,42.9474637584966
0.133,4.99068925695634,7.24789687212494,42.9342253565085
0.134,4.97169029621352,7.23313630819536,42.9229830068155
0.135,4.95236951889599,7.18993079257598,42.889948797869
0.136,4.9264747275687,7.17029164187308,42.8748700978612
0.137,4.90673663285398,7.1427269988587,42.8536394117349
0.138,4.88546191870216,7.11374390480329,42.8312313797144
0.139,4.86687923606674,7.07117717002096,42.798162202858
0.14,4.84951552580695,7.05455377605454,42.7851960445807
0.141,4.83508016059963,7.0200526125624,42.758191661578
0.142,4.81591477656865,7.00155562057117,42.7436615063252
0.143,4.79763844405559,6.92969875601777,42.6868639869917
0.144,4.77601500613352,6.89400514173483,42.6584408799132
0.145,4.75264668173261,6.87046147178081,42.6396156583627
0.146,4.7285491495722,6.85050734899131,42.6236121844721
0.147,4.70575284091709,6.8304875824205,42.6075111629673
0.148,4.67180313262815,6.80480563319117,42.5867900344925
0.149,4.65371997938601,6.77564098874689,42.5631679960261
0.15,4.64212730933093,6.7509322244726,42.5430787621373
0.151,4.61854064327155,6.71837233253279,42.5164985389892
0.152,4.60039567009278,6.68462067622928,42.4888150170864
0.153,4.58220762219792,6.65997085505362,42.4685123190157
0.154,4.56595687595765,6.62221923400166,42.4372786387408
0.155,4.53685797533731,6.60672898238725,42.424413533002
0.156,4.52085454768877,6.58766994411329,42.4085448090664
0.157,4.50006308738216,6.56922545049908,42.3931459058407
0.158,4.47871453657116,6.5499902423794,42.3770427543155
0.159,4.45233819102831,6.50529214660815,42.3394475344898
0.16,4.43905465066435,6.48305814703944,42.3206546301056
0.161,4.42305491118547,6.47072635208938,42.3102048166485
0.162,4.40994493265643,6.43572051818426,42.2804372628636
0.163,4.39495283866298,6.41923930573577,42.2663686877753
0.164,4.37791381249262,6.40370931729076,42.2530804684478
0.165,4.35675767748456,6.38860510767779,42.2401269954611
0.166,4.33768773436363,6.35965439035046,42.2152166621588
0.167,4.32304283885007,6.34050913064112,42.1986837484981
0.168,4.28742530801901,6.32070164231464,42.1815286985607
0.169,4.26366540278214,6.28970451112275,42.1545790880951
0.17,4.25344042894685,6.2587210019871,42.1275142557349
0.171,4.23560371258337,6.239592213229,42.1107408477262
0.172,4.216763179698,6.22427024049634,42.0972700563341
0.173,4.19761670089109,6.19116407172063,42.0680552879795
0.174,4.17944424493628,6.1683251768884,42.0478138808363
0.175,4.16712773273516,6.14213101282242,42.0245105315883
0.176,4.15069871111708,6.12330737149538,42.007705633783
0.177,4.13222906480371,6.10240243955116,41.9889847701764
0.178,4.11213786350936,6.06635983053159,41.9565635586385
0.179,4.09665395985638,6.04695443459016,41.9390317239989
0.18,4.07979621935014,6.01793229078087,41.9127111881015
0.181,4.06018405156486,5.99456106067097,41.8914273590274
0.182,4.03979841052453,5.94965118446133,41.8503054755685
0.183,4.02459405078358,5.94092193833332,41.8422781573369
0.184,4.00931113253411,5.92481781050546,41.8274394157409
0.185,3.99154413220535,5.90852022939433,41.8123832100121
0.186,3.97286272744267,5.89282717295217,41.7978480094091
0.187,3.95234632463866,5.86792876147076,41.7747107291686
0.188,3.93799675552123,5.84917373270975,41.7572204010663
0.189,3.92654961817676,5.81866680264441,41.7286560953965
0.19,3.91504202691454,5.78418042147284,41.696193331088
0.191,3.90493494419121,5.75951988781261,41.6728665287051
0.192,3.88863341707577,5.74329135117851,41.6574637040087
0.193,3.87252072064076,5.72454051594445,41.6396151876216
0.194,3.8551249101982,5.71120393004602,41.626886445325
0.195,3.83763296443319,5.68515846009821,41.6019461853767
0.196,3.81848414879495,5.66215516012398,41.5798283139998
0.197,3.79283947255485,5.63918849666959,41.5576601118123
0.198,3.77169766444001,5.60301960490024,41.5225737155318
0.199,3.75609605232045,5.58748179813498,41.5074346579074
0.2,3.74348598549709,5.56922865261798,41.4895986511321
0.201,3.7269931734143,5.55458588356937,41.475250230083
0.202,3.71578105084198,5.53807440796963,41.4590274021183
0.203,3.69637106179847,5.52826536259373,41.4493680169477
0.204,3.68069022311184,5.49365732196074,41.4151571772208
0.205,3.66634706360323,5.47607018834383,41.3976932005706
0.206,3.65245147329729,5.44809595307396,41.3698045688028
0.207,3.63935162410432,5.43132472755915,41.3530192489933
0.208,3.62946956523587,5.41011189312327,41.3317178014557
0.209,3.615794242553,5.38379755790768,41.3051828308437
0.21,3.60701774831646,5.37010214986681,41.2913237312589
0.211,3.5903623160856,5.35201328212076,41.2729670355297
0.212,3.5809742804108,5.32505683788753,41.2455016677027
0.213,3.57129699263809,5.30193705272073,41.2218398405987
0.214,3.55507338314951,5.27379412635872,41.1929043261841
0.215,3.54588391202574,5.25781785755695,41.1764127143417
0.216,3.53383995630145,5.24602641312446,41.1642103268281
0.217,3.51037669880948,5.229692546556,41.1472640589261
0.218,3.50193758186154,5.21437665251725,41.1313281554543
0.219,3.49531037571382,5.19478536849807,41.1108788010757
0.22,3.47937690670891,5.17713980203679,41.0923975386257
0.221,3.46817813141505,5.16600861326242,41.0807083545809
0.222,3.45646770860129,5.14308556088163,41.0565605975493
0.223,3.44896166791389,5.12951816690049,41.0422201132652
0.224,3.43442584633292,5.11832680975431,41.0303639026296
0.225,3.42129799556268,5.10219346020485,41.0132286842555
0.226,3.40976662178604,5.0841288109372,40.9939810350751
0.227,3.39877321875485,5.07248532265216,40.9815405844648
0.228,3.38630966975117,5.05909504188323,40.9672001970389
0.229,3.37187359697852,5.04272438845094,40.9496188992795
0.23,3.36349625868279,5.02852280572106,40.9343231099005
0.231,3.35054861855227,5.01247454174025,40.9169888996097
0.232,3.34470482888617,4.99697700247239,40.9001994464265
0.233,3.3293638738826,4.97937028025264,40.8810648788435
0.234,3.31940672865668,4.9505578401989,40.8496131806442
0.235,3.3061663167069,4.93836117165045,40.836246894626
0.236,3.28887759897892,4.9231482454667,40.8195311102995
0.237,3.28061589791575,4.91208498872023,40.8073441106232
0.238,3.27007325927505,4.89084933827393,40.7838782851625
0.239,3.2616792446158,4.87741483839318,40.7689828972664
0.24,3.24877791700181,4.85691503649227,40.7461787080058
0.241,3.23539179294747,4.84172705030362,40.7292244568445
0.242,3.22313962305511,4.82656693417016,40.7122509159175
0.243,3.21508093330724,4.81550470568328,40.6998334918861
0.244,3.20478987136569,4.79297659816732,40.6744616463463
0.245,3.18677839383383,4.78192797252673,40.6619769699085
0.246,3.17478942819053,4.77213237956467,40.6508852846011
0.247,3.16864600830819,4.7582982687466,40.6351838873098
0.248,3.15819875431027,4.74923697150116,40.6248760387105
0.249,3.14785781751557,4.73728756900608,40.6112542172086
0.25,3.13917458444778,4.71315242314824,40.5836414968541
0.251,3.13227189134505,4.69671247379605,40.5647558775084
0.252,3.11600230018132,4.68076384439066,40.5463746760796
0.253,3.10177921730577,4.66211558895477,40.5248066316594
0.254,3.08900166655281,4.64903969567883,40.5096345902654
0.255,3.07903103756901,4.63866973472417,40.4975734710568
0.256,3.06761942448537,4.61826051508067,40.4737610350662
0.257,3.05926872143285,4.60286344858572,40.4557304272756
0.258,3.04693691912456,4.5936417631432,40.444904059794
0.259,3.03064853682577,4.58269728918975,40.4320283594996
0.26,3.0212377094364,4.57380896580263,40.4215501721647
0.261,3.01367938173107,4.56669013110055,40.4131440595941
0.262,3.00644363519047,4.55518255134626,40.3995293052568
0.263,2.99776930001703,4.54673144460018,40.3895099310745
0.264,2.98832422603127,4.53184793045918,40.3718215160482
0.265,2.98158324841901,4.50606578488217,40.3410499083444
0.266,2.97172586892338,4.49105361629909,40.3230556131813
0.267,2.96585365123889,4.47468460089122,40.3033698972674
0.268,2.95471280027532,4.46728000498577,40.2944425647971
0.269,2.94791915248403,4.45574634897766,40.2805090903229
0.27,2.93804637291112,4.43776630339591,40.2587196530573
0.271,2.93318278933516,4.42181874321081,40.239323256127
0.272,2.92623923726391,4.4116403211132,40.2269089825399
0.273,2.91492771633875,4.39465555315358,40.2061327398512
0.274,2.90265811728903,4.38022608528507,40.1884224072447
0.275,2.8937847344487,4.3653346100978,40.1700870222554
0.276,2.88594706220067,4.35134245816416,40.1528049208452
0.277,2.87975794367979,4.33962967738414,40.1382976481019
0.278,2.8693000298255,4.32564219404478,40.1209243385972
0.279,2.86043819849151,4.31518837033208,40.1079053047856
0.28,2.84912058145407,4.30420247327796,40.0941914364075
0.281,2.83783368537559,4.28955553973995,40.0758558379806
0.282,2.83296762499333,4.27321555302235,40.0553307840212
0.283,2.82578849943023,4.2615147553363,40.0405874604965
0.284,2.81341025371048,4.24656523931916,40.021694850778
0.285,2.80757930465842,4.23360023243447,40.0052591824455
0.286,2.7972326850285,4.22654555368684,39.9962959960121
0.287,2.79001072823348,4.21305142283439,39.9791118035595
0.288,2.78079046634528,4.19863945225041,39.9607012090692
0.289,2.77221741010101,4.18605223377438,39.9445726970486
0.29,2.76184169379025,4.1760046955129,39.9316654369336
0.291,2.74989076032131,4.16375560371502,39.9158902456967
0.292,2.7403996794734,4.15124549538443,39.8997335511104
0.293,2.73126910316221,4.14011524594733,39.8853201948656
0.294,2.72365064945204,4.12680238854153,39.8680322423857
0.295,2.71273310168045,4.11591265253386,39.8538516949918
0.296,2.69986992082835,4.10534504229049,39.840056676939
0.297,2.69431234452434,4.09609850197415,39.8279586359915
0.298,2.68307119619898,4.09011850782477,39.8201207474883
0.299,2.67438021427439,4.08158133818257,39.8089124228031
0.3,2.67209782542705,4.07518118441806,39.8004952172306
0.301,2.66146533583609,4.06898254676756,39.7923311218666
0.302,2.65428960330732,4.0604888771639,39.781125185349
0.303,2.64557399614646,4.04591599702866,39.7618470815532
0.304,2.63290400545587,4.02713911805352,39.7369106712228
0.305,2.6254771867871,4.01656129664302,39.7228145171476
0.306,2.61637583903696,3.99809858192067,39.6981266228568
0.307,2.60761605956435,3.9867904042204,39.6829523789934
0.308,2.59690562381661,3.97366756119955,39.6652920327869
0.309,2.59234557714116,3.96116754585463,39.6484185822254
0.31,2.58125024003912,3.95480347967426,39.6398085687323
0.311,2.57609530000514,3.94287287302862,39.6236322154448
0.312,2.56744538418336,3.93153498070129,39.608216624721
0.313,2.55591898017775,3.92102237876202,39.5938855996681
0.314,2.55054738250295,3.90760661999532,39.5755441549246
0.315,2.54464586268438,3.9012019205142,39.566766956434
0.316,2.53759678737921,3.89377617384883,39.5565734416163
0.317,2.53271218388463,3.88381003784895,39.5428637946275
0.318,2.52513040093148,3.87557772056913,39.5315141664995
0.319,2.5192801122036,3.86866309404959,39.5219636021688
0.32,2.51364836219321,3.85557397699988,39.5038405695892
0.321,2.50741329297323,3.84275901047699,39.4860407929852
0.322,2.50343723354325,3.83165043939707,39.4705657976854
0.323,2.49853055499899,3.82283200579056,39.4582509532675
0.324,2.48874173484945,3.8151847641991,39.4475499496858
0.325,2.48092502813722,3.80613110011161,39.4348547103665
0.326,2.47307643152481,3.79817372617136,39.4236731701708
0.327,2.46719493129253,3.79264373464776,39.4158895174841
0.328,2.46132659580204,3.78100297374315,39.3994697043537
0.329,2.45304151509523,3.77175410236444,39.3863897339506
0.33,2.44904772298866,3.76220450774563,39.3728526965559
0.331,2.4382159670627,3.75479380013933,39.3623252928836
0.332,2.43310131397665,3.74528639875483,39.3487906678304
0.333,2.4249734378079,3.73316787410585,39.3314918378985
0.334,2.41691512908639,3.72434304959915,39.3188613186973
0.335,2.40971617107597,3.71311378475455,39.302748590976
0.336,2.40137102713781,3.70702109563563,39.2939870360433
0.337,2.39676663202591,3.69284690093141,39.2735512825817
0.338,2.38829877681616,3.67780516676115,39.2517837289108
0.339,2.38241442127984,3.67057906315282,39.2412966639108
0.34,2.37550578639603,3.66130477073062,39.2278085657865
0.341,2.36844736361405,3.65228292632145,39.2146566862096
0.342,2.36115805626117,3.64105231814723,39.1982420712775
0.343,2.35403722422114,3.62759022009437,39.1785029368603
0.344,2.34479101249175,3.61895278748679,39.1658017086456
0.345,2.33855503070707,3.60955033132919,39.1519430171553
0.346,2.33158653989647,3.60245319788283,39.1414597002607
0.347,2.32736153236816,3.59385100150643,39.1287271125443
0.348,2.3194001890812,3.58828407234693,39.1204718827612
0.349,2.31416198186569,3.57993439810401,39.1080674616668
0.35,2.30801130258298,3.56933695452299,39.0922844163438
0.351,2.30353421009357,3.55744441856588,39.0745199189115
0.352,2.29863546088624,3.54786381188961,39.0601681489467
0.353,2.2915793308319,3.54110086831278,39.0500152548858
0.354,2.28638798943907,3.53200143623027,39.0363258511446
0.355,2.2796082334364,3.52138845660248,39.0203174171722
0.356,2.2716223130628,3.51364715703223,39.0086118995027
0.357,2.26580651730531,3.50589393427859,38.9968639924231
0.358,2.25987568997494,3.49683019795985,38.9830993100966
0.359,2.25397646903482,3.48623231006255,38.96696212581
0.36,2.24346158468079,3.48033121884745,38.9579566319821
0.361,2.23688801986807,3.47178622887891,38.9448908514006
0.362,2.22858063830877,3.46351164565267,38.9322096618868
0.363,2.22381202527188,3.45941622272094,38.9259226811475
0.364,2.21654568907346,3.45102766869491,38.9130233175062
0.365,2.21273186478252,3.43968378929813,38.8955324415201
0.366,2.20614610335355,3.43204168477339,38.8837186245397
0.367,2.20004621570875,3.41982440656948,38.8647806031016
0.368,2.19730643154051,3.41189784984103,38.8524595606055
0.369,2.19362926928225,3.40375471347222,38.8397737926849
0.37,2.19020102693679,3.39870615100888,38.8318945555373
0.371,2.17769926708348,3.39250819359034,38.822206401515
0.372,2.17102425854426,3.38254092263615,38.8065913863459
0.373,2.16278298148516,3.37460962108545,38.794135028767
0.374,2.15649168915329,3.36792538412702,38.7836158260701
0.375,2.14927569388675,3.35696861194444,38.7663302505029
0.376,2.14222753552482,3.35266165126038,38.7595209914554
0.377,2.13619577572005,3.34504463466409,38.7474584068389
0.378,2.13101908585141,3.33913906607439,38.7380883452756
0.379,2.12276290973734,3.33332185437386,38.7288432288015
0.38,2.11717610807517,3.32363511640693,38.713414678108
0.381,2.10983377444314,3.31743303718709,38.7035141027529
0.382,2.10420438512485,3.30263272668019,38.6798174113257
0.383,2.10036003513095,3.29402349010907,38.6659872492417
0.384,2.08791865357261,3.28175984790046,38.6462277459438
0.385,2.07977609706893,3.27400038413836,38.6336896154606
0.386,2.0712614897292,3.2652742467854,38.6195560793398
0.387,2.06565922646646,3.2562371601709,38.6048814415402
0.388,2.0623027997161,3.2484005552881,38.5921251593516
0.389,2.05616439670143,3.24119965716557,38.5803781505958
0.39,2.05156707019639,3.23632921030791,38.5724189567715
0.391,2.04403881503373,3.2269311515698,38.5570289635945
0.392,2.0385439551886,3.22236564014825,38.5495374090982
0.393,2.03413200628984,3.21325074756983,38.5345508951495
0.394,2.02833726821885,3.20514222681938,38.521185434191
0.395,2.02010337762873,3.19800016134792,38.509386669277
0.396,2.00832121635875,3.18806597127156,38.4929340650038
0.397,2.00487952450817,3.17961726919496,38.4789037331828
0.398,1.99856082521668,3.17241391040565,38.466913801309
0.399,1.99090845108835,3.16602602499404,38.4562598101623
0.4,1.98473591027471,3.15705413495439,38.4412619692224
0.401,1.97985440266485,3.14903669405502,38.4278257313853
0.402,1.97513485493079,3.14306450441851,38.4177961911319
0.403,1.96762937759838,3.13265672455659,38.4002747983117
0.404,1.96256686408771,3.12440512315539,38.3863444268359
0.405,1.95918408852635,3.11207995778761,38.3654726025715
0.406,1.95493919757686,3.10677357256115,38.3564626986357
0.407,1.94931218694278,3.09921317106561,38.3436006363772
0.408,1.94315378421743,3.08761683860472,38.3238151457545
0.409,1.93957044840893,3.07656445928992,38.3048927251991
0.41,1.93460200063842,3.06918255994724,38.2922188509209
0.411,1.92977304901014,3.06168494859623,38.2793169994161
0.412,1.92532670398562,3.05243393659098,38.2633569884653
0.413,1.92286150771759,3.04240127892509,38.2459970920167
0.414,1.9161312786519,3.03368108082712,38.2308645136599
0.415,1.91218759764279,3.02086420212924,38.2085485431945
0.416,1.90701035456935,3.01579184552425,38.199692327117
0.417,1.90239452180281,3.00820020061859,38.186411355116
0.418,1.89724933636002,3.00361328683559,38.1783716758731
0.419,1.8905491194167,2.99379108893788,38.1611170924034
0.42,1.88721048866911,2.98817702281495,38.151231044985
0.421,1.88016564187347,2.98058260768386,38.1378299644983
0.422,1.87837459534062,2.97468022346462,38.12739250609
0.423,1.87272224003562,2.96766833795284,38.1149677991446
0.424,1.86581675392532,2.96134379784584,38.1037374017075
0.425,1.85950204849093,2.95409740667379,38.0908424114782
0.426,1.85311353931864,2.94781535764198,38.0796394537238
0.427,1.84986480795519,2.9385320228006,38.0630431762132
0.428,1.84415759842701,2.93021451105115,38.0481317531004
0.429,1.83791366916471,2.92245453038384,38.0341840418023
0.43,1.83245911457979,2.9168379336536,38.024067156949
0.431,1.82937918434089,2.90838510854308,38.00880705438
0.432,1.82471143315222,2.90189780148001,37.9970671363489
0.433,1.82036557820496,2.89588628361563,37.9861662675061
0.434,1.81402447631451,2.89045200186161,37.9762938555991
0.435,1.80887696374248,2.88180847621873,37.9605553519883
0.436,1.80177669872001,2.87397074577578,37.9462457934104
0.437,1.79766569947488,2.86484226829756,37.9295335237106
0.438,1.79166782344222,2.85986963983423,37.9204087150717
0.439,1.78719135658818,2.85421030938971,37.9100057034161
0.44,1.78482818363213,2.84805745655097,37.8986735513394
0.441,1.77878260194045,2.84145024151653,37.8864790061348
0.442,1.7738644067795,2.83289619410669,37.8706517986137
0.443,1.76719025639463,2.82763249435468,37.8608903287876
0.444,1.76412401409054,2.81627512914853,37.8397701263916
0.445,1.75868352023561,2.80740916804012,37.8232274447565
0.446,1.75374348721118,2.79890654901946,37.8073166958824
0.447,1.74891794070125,2.79255374857659,37.7953992870958
0.448,1.744900310838,2.78613246138857,37.7833275808105
0.449,1.74066324371097,2.7733413588766,37.759203119759
0.45,1.73690084855708,2.76688552064921,37.7469876097756
0.451,1.73332418372732,2.76087243511023,37.7355858411871
0.452,1.72679357390158,2.75273734495661,37.7201233654164
0.453,1.71968089359893,2.74828328393505,37.7116393445238
0.454,1.71470562159993,2.74004238811302,37.6959082401727
0.455,1.70956021780111,2.731948827568,37.6804152323067
0.456,1.7052922371092,2.72608072545453,37.6691554023989
0.457,1.69938672879925,2.718666628363,37.6548966151004
0.458,1.69355094003875,2.71326078504634,37.6444771479845
0.459,1.68658863119647,2.71010259723373,37.6383809225732
0.46,1.68235218623718,2.70155511458676,37.6218483878526
0.461,1.67673378190193,2.69681986265236,37.6126683921943
0.462,1.67045970791173,2.68937778400205,37.5982102928918
0.463,1.66294034877215,2.68324154315614,37.5862609336127
0.464,1.65871591804099,2.67901969282465,37.5780246963533
0.465,1.65479287188314,2.66913779000311,37.5586989318635
0.466,1.6489032168989,2.66190265580204,37.5445069034597
0.467,1.64050013598403,2.65410440312025,37.5291698446025
0.468,1.63522645956554,2.64610687996107,37.513397046657
0.469,1.63042097539466,2.63913054668854,37.4996018088888
0.47,1.62536361503533,2.63340357934047,37.4882516038817
0.471,1.62105001266557,2.62462499261294,37.4708085569441
0.472,1.6152288716689,2.61987500591742,37.4613475839119
0.473,1.60782710480019,2.61212776416102,37.4458822527191
0.474,1.60387695770212,2.60681931997407,37.4352605670629
0.475,1.60082365825209,2.60342802245972,37.4284643191748
0.476,1.59581803521258,2.59463150795942,37.4107972363202
0.477,1.59292835576745,2.58951793232692,37.4005012906748
0.478,1.58761438083228,2.58552576502796,37.3924500329343
0.479,1.58332572310061,2.5782760684475,37.3777993603367
0.48,1.57747533327493,2.57259191277435,37.3662854906013
0.481,1.57110544791631,2.56598722974585,37.3528770998798
0.482,1.56528969739448,2.55926886729302,37.3392048017351
0.483,1.56055622509311,2.55532345651923,37.3311600018705
0.484,1.55726048251237,2.54995075405363,37.3201862353079
0.485,1.55219533830714,2.54256689842512,37.3050693874636
0.486,1.54706019793244,2.53721618675579,37.2940893155591
0.487,1.543568316771,2.52972341010305,37.278677156311
0.488,1.54095477993435,2.5238349172966,37.2665349565323
0.489,1.5365809447503,2.51580341603865,37.2499311038615
0.49,1.53307936349406,2.51141695068944,37.2408418715501
0.491,1.52833593910779,2.50267270628924,37.2226785307765
0.492,1.52574215235653,2.49704379342078,37.2109549072975
0.493,1.52157096396508,2.4907021477865,37.1977172426305
0.494,1.51757317954414,2.48386173178825,37.1834031114728
0.495,1.51373341734111,2.47747824631775,37.1700119095728
0.496,1.50851699136714,2.47263921817949,37.1598391719455
0.497,1.50616846867415,2.46803734771843,37.150147738909
0.498,1.50183686085491,2.46133306038987,37.1359984345521
0.499,1.49903358444711,2.45481236254303,37.1222020424054
0.5,1.49537268853052,2.4471951233138,37.1060422241472
0.501,1.49082931518168,2.44110200401495,37.0930819668218
0.502,1.48520427648257,2.43213791965582,37.0739600954394
0.503,1.48187586182311,2.4254590037293,37.0596700647174
0.504,1.47870203542801,2.42006065284283,37.048093040443
0.505,1.4751013872992,2.41301297150557,37.0329426330562
0.506,1.46938226408606,2.40407773576195,37.0136750902988
0.507,1.46547157853381,2.39405565573744,36.9919842785527
0.508,1.46102287099565,2.38876264366902,36.9804943982644
0.509,1.45757235211691,2.38311954627616,36.9682183820258
0.51,1.45386179825153,2.37787199357583,36.9567784835696
0.511,1.45005123099388,2.36808849125959,36.9353870038526
0.512,1.44476807029517,2.36259112063015,36.9233308940804
0.513,1.43882307855291,2.35739450010754,36.9119102751145
0.514,1.43326846385987,2.35208941258458,36.9002270384379
0.515,1.42940591324877,2.34510845168577,36.8848155823264
0.516,1.42608088069926,2.34000076802376,36.8735125310093
0.517,1.42275768424225,2.33451509052643,36.8613473526977
0.518,1.41762308906771,2.32710545883117,36.8448731902886
0.519,1.41498141146629,2.317636458329,36.8237490292228
0.52,1.41124157725453,2.31066460418918,36.8081442111245
0.521,1.40594804475969,2.30732895406488,36.8006626350273
0.522,1.40059818729386,2.30460394213462,36.794543183256
0.523,1.39718822258188,2.29878564992608,36.781454673208
0.524,1.39586437623281,2.29315325207782,36.7687549014383
0.525,1.39143447892876,2.28695147210091,36.7547376375705
0.526,1.38901081157358,2.28223784158385,36.7440601799412
0.527,1.38516592046126,2.27388357677807,36.7250852692061
0.528,1.37840827443991,2.26723938136373,36.7099479891377
0.529,1.37324374758196,2.26102329839457,36.6957486032834
0.53,1.37080013803929,2.25625564492706,36.6848331999745
0.531,1.3681098803778,2.25228673094638,36.6757300884852
0.532,1.36365552451463,2.24747252683813,36.6646681432775
0.533,1.35914506273185,2.24024596851146,36.6480216604477
0.534,1.35594952472805,2.23169975978303,36.6282706821911
0.535,1.35242296473301,2.22560730883348,36.6141474878388
0.536,1.34806296127134,2.22177813489962,36.605252466595
0.537,1.3438962271824,2.21781832604828,36.5960389600843
0.538,1.33984096282958,2.21274614469145,36.5842148347017
0.539,1.33833870290801,2.20983275933693,36.577411818635
0.54,1.33601778534099,2.2064988482708,36.5696165850331
0.541,1.33184824721199,2.19981495232434,36.553955452356
0.542,1.32673432565279,2.19387976737482,36.5400114598504
0.543,1.32466030647114,2.18680883284129,36.5233532539462
0.544,1.3207709700229,2.18137995582721,36.5105294660229
0.545,1.31609046697185,2.17552683653408,36.4966702384887
0.546,1.31273318458464,2.1705350832505,36.4848231403784
0.547,1.30875646021629,2.1609598176198,36.4620267002024
0.548,1.30427626715652,2.155952822434,36.4500687790848
0.549,1.30039051992285,2.15209976064457,36.4408491252949
0.55,1.29675438981519,2.14514818591134,36.4241763945574
0.551,1.29338260689706,2.14214186001721,36.4169504157495
0.552,1.28778406381487,2.13851600616858,36.4082227836517
0.553,1.28476620859014,2.13284655456134,36.3945484693423
0.554,1.28027466590681,2.13032027823537,36.3884443773333
0.555,1.27619009771493,2.12565692038758,36.377158874399
0.556,1.2733969915966,2.12190799369097,36.3680696191571
0.557,1.26984553925943,2.11710741033109,36.3564087940229
0.558,1.26491435543873,2.11330600503261,36.3471575561337
0.559,1.26127579744388,2.11104889156801,36.3416572375679
0.56,1.25699485679728,2.10678411154323,36.3312495269906
0.561,1.25380564769103,2.10009673077638,36.3148902216682
0.562,1.25194802398125,2.09326202528711,36.2981203881748
0.563,1.24918634576581,2.08970444590649,36.2893712499171
0.564,1.2456718617234,2.08568120650095,36.2794602144626
0.565,1.24025262044597,2.08195744234494,36.2702710684995
0.566,1.23619162041666,2.07785876332728,36.2601390623753
0.567,1.23125706470777,2.07386659300753,36.2502524703197
0.568,1.22737779106406,2.06927599220832,36.238861976044
0.569,1.22415445739138,2.06011176296702,36.2160526794781
0.57,1.22252869661852,2.05608535898661,36.2060013326222
0.571,1.21934802855032,2.052556852817,36.1971778653881
0.572,1.21708905137442,2.0446211819628,36.1772821216116
0.573,1.21411136951415,2.04219040766288,36.1711735009902
0.574,1.20999777859412,2.03702525183404,36.1581708206529
0.575,1.2082712475021,2.03242690306765,36.1465692082388
0.576,1.20545123627458,2.02744672661709,36.1339767036958
0.577,1.20177183353676,2.0217694909624,36.1195865655439
0.578,1.1971399028344,2.01851175352912,36.1113121898038
0.579,1.19318054170384,2.0119203756966,36.0945326388409
0.58,1.18770074252009,2.00616130501632,36.079830024287
0.581,1.18532949211346,2.00165178303088,36.068290050681
0.582,1.18073902669112,1.99139785696635,36.041959872801
0.583,1.17764452404692,1.98399468089438,36.0228715066467
0.584,1.17328498866037,1.98052822126481,36.0139108322717
0.585,1.17182048436034,1.97568998774535,36.0013797923556
0.586,1.16952804318617,1.97055429170617,35.9880471098465
0.587,1.16707170440368,1.96518860965881,35.9740828589722
0.588,1.16375655855358,1.96137120589273,35.9641264537342
0.589,1.16135055135416,1.95576793207414,35.949479580048
0.59,1.15821016621996,1.95080479792591,35.9364734519606
0.591,1.15421769369043,1.94533806513321,35.9221120236351
0.592,1.14954312779586,1.94029100489341,35.9088198043189
0.593,1.1463677069213,1.93503459611168,35.894942074598
0.594,1.14268429949255,1.92910291207834,35.8792394346662
0.595,1.13953246136284,1.92442217713297,35.8668167061941
0.596,1.13695702401651,1.92200596910402,35.8603930835667
0.597,1.13421609448259,1.91940070389345,35.8534584408695
0.598,1.13127086947863,1.91336968484535,35.8373716247555
0.599,1.1292767178537,1.91067165832592,35.8301598173362
0.6,1.12187495249971,1.90797054596267,35.822930290705
0.601,1.11674972873459,1.90364155976696,35.8113239324936
0.602,1.11492672882745,1.89694049794211,35.7933094735568
0.603,1.11222342506955,1.89102676725966,35.7773624928703
0.604,1.11007901944423,1.88687558843742,35.7661407578129
0.605,1.10644915960919,1.88242817035006,35.7540927728787
0.606,1.10241084643317,1.87973565240826,35.7467859485574
0.607,1.09901060907654,1.87211597410662,35.7260553094604
0.608,1.09444464968419,1.86763261031683,35.7138209564803
0.609,1.09041098821121,1.86536192021206,35.7076142280982
0.61,1.08756910679578,1.86133083725516,35.69657834464
0.611,1.08180025867607,1.85717515220066,35.685178114948
0.612,1.08033245450844,1.85298547057657,35.6736606549125
0.613,1.07685042091995,1.84589515371348,35.654114215382
0.614,1.07423985014079,1.84196912568508,35.6432610610644
0.615,1.07092619215173,1.83768825568833,35.6314025117984
0.616,1.068604050781,1.83038174876517,35.6111032920018
0.617,1.06517419644965,1.82373849341349,35.5925814505678
0.618,1.06198015147292,1.81983559481477,35.5816707272735
0.619,1.06058009312509,1.81562771827349,35.5698831048409
0.62,1.05585943933791,1.8111128780551,35.5572073910806
0.621,1.05234973343238,1.80546835298993,35.5413187615213
0.622,1.04906794323711,1.800080135811,35.5261086099149
0.623,1.04637161213339,1.79374702012041,35.508177127616
0.624,1.04295105594881,1.79009487495951,35.4978098200209
0.625,1.03979934340558,1.78536261024646,35.484347205677
0.626,1.03616736165782,1.78026783233348,35.4698162931143
0.627,1.03309736401826,1.77695615387046,35.4603503219869
0.628,1.02822377158308,1.77317485546892,35.4495220072102
0.629,1.02576613127461,1.77038238140839,35.4415116015872
0.63,1.02344050417896,1.76418778643392,35.4237001233578
0.631,1.01905219793195,1.76097797305798,35.4144480712437
0.632,1.01518188852934,1.75615461381376,35.4005156841178
0.633,1.01324329512767,1.75091917368486,35.3853528315224
0.634,1.0093339475929,1.74786610226294,35.3764911534988
0.635,1.00593643631443,1.74442644059579,35.3664901950413
0.636,1.00186070153651,1.73997944594852,35.3535332795445
0.637,0.9995143693382,1.73804871613661,35.3478982922698
0.638,0.996679205348732,1.73322911977885,35.3338065929295
0.639,0.992671156146632,1.72859813449413,35.3202321481506
0.64,0.990012368782716,1.72560445422702,35.3114390822821
0.641,0.986775870134836,1.72000849976931,35.2949646611556
0.642,0.983999620601317,1.71351198868591,35.2757766742414
0.643,0.981943135536865,1.70734463161201,35.2574984755685
0.644,0.97904807205536,1.70454289165405,35.2491747669676
0.645,0.97460271436998,1.69871662328695,35.2318248530465
0.646,0.970160972560896,1.69646669797464,35.2251101108772
0.647,0.968309342210387,1.69186428166939,35.2113488223392
0.648,0.964540730968462,1.68824530361914,35.2005036826199
0.649,0.961298732406541,1.68512538875654,35.1911368293214
0.65,0.958132382883405,1.68205070363164,35.1818900594439
0.651,0.955773713882711,1.67745544896803,35.1680411601019
0.652,0.953756384264367,1.67418959185883,35.1581773697636
0.653,0.950966317454025,1.66929838996901,35.143371251911
0.654,0.948850645741106,1.66577782185288,35.1326893139451
0.655,0.945648790240197,1.66182869677389,35.1206821948665
0.656,0.942210946620571,1.65818468303986,35.1095793209446
0.657,0.938641400441028,1.65592669952532,35.1026881876957
0.658,0.936251239599148,1.65411546076609,35.0971541901793
0.659,0.934495988394186,1.64952627001673,35.0831074085291
0.66,0.932730808105851,1.64570623011039,35.0713872903809
0.661,0.928997708626664,1.64024846032891,35.0545988018247
0.662,0.92731555173157,1.6358923564589,35.0411620152224
0.663,0.924926421069844,1.63043754536288,35.0242894495855
0.664,0.922454115132414,1.62550570499024,35.0089895365121
0.665,0.920138905992607,1.62193226619685,34.9978769248461
0.666,0.915622963469475,1.61821285260148,34.9862863034095
0.667,0.91349741279733,1.61604747688116,34.9795271072246
0.668,0.910013074142372,1.61112644885686,34.9641349947186
0.669,0.906191862039597,1.60463954051745,34.9437785660742
0.67,0.902732591527881,1.60075121294496,34.9315402072676
0.671,0.900388605831706,1.59772259418309,34.9219887040069
0.672,0.897147562496848,1.59370410515005,34.9092895424412
0.673,0.894051458492069,1.58990647412597,34.8972611143135
0.674,0.892212117306414,1.58532594695103,34.8827176154805
0.675,0.890590886173938,1.5812623723144,34.8697829475551
0.676,0.887832334772622,1.57603176828301,34.8530882638911
0.677,0.884343423069973,1.57392474333707,34.8463487422724
0.678,0.881996428730354,1.57163302616023,34.8390089975429
0.679,0.879026520208826,1.5676734712198,34.8263042990569
0.68,0.876809364578148,1.56359894830656,34.8131997365453
0.681,0.873909407951633,1.55938278487239,34.7996063862905
0.682,0.873002274216587,1.55663187818347,34.7907188688328
0.683,0.870553634462532,1.55350048833838,34.7805844344594
0.684,0.86768441491093,1.54941965501208,34.7673488753365
0.685,0.865685209006471,1.54298735024114,34.7464211884385
0.686,0.8631915826811,1.53951967924051,34.7351055846431
0.687,0.861439816164111,1.53727289454724,34.7277613738909
0.688,0.859077588914216,1.5340527468752,34.7172181726172
0.689,0.857136207946841,1.53111992694243,34.7075979305404
0.69,0.855216920960996,1.52884529353882,34.7001249546743
0.691,0.853041901699241,1.52409657648625,34.6844906060393
0.692,0.851552140790127,1.51964131995344,34.6697814960217
0.693,0.847742398509283,1.51641252435289,34.6590966759992
0.694,0.845048074539205,1.51296511461225,34.647665212193
0.695,0.842201856161601,1.50802666642796,34.6312475806116
0.696,0.840790654860219,1.50486185484543,34.6207002154419
0.697,0.838770948111837,1.50192904530637,34.6109077567433
0.698,0.834789016676165,1.49869630356292,34.6000933825878
0.699,0.832720569262368,1.49296741826105,34.5808757791745
0.7,0.830705336634146,1.48760804642004,34.5628360262487
0.701,0.829565571808584,1.48363181128874,34.5494131595938
0.702,0.827423504053335,1.47903757311618,34.5338626756136
0.703,0.82403620358109,1.47557012428992,34.5220965971593
0.704,0.822336040965802,1.47157058299908,34.5084932614449
0.705,0.820947336699894,1.46814696587554,34.4968216615075
0.706,0.817705318580336,1.46436830904916,34.4839105076538
0.707,0.815826734137482,1.46154483538646,34.4742430154134
0.708,0.812796473845995,1.45807821922711,34.4623498439162
0.709,0.810799245344643,1.45476142660908,34.4509462531719
0.71,0.808471586363451,1.44946969670943,34.4327028322988
0.711,0.804744652288001,1.44747836293534,34.4258217369537
0.712,0.801632787273795,1.44542550464919,34.4187189012507
0.713,0.799738119499559,1.44147801105241,34.4050345058011
0.714,0.797728440045198,1.43939076911639,34.3977848985379
0.715,0.795062773374065,1.4364580166421,34.3875821944262
0.716,0.792140090677933,1.43301033585358,34.3755635350554
0.717,0.790358324224293,1.42706346159173,34.354769888839
0.718,0.787497695904006,1.42412727126932,34.3444738385741
0.719,0.78431851596063,1.41897938585323,34.3263749505684
0.72,0.780938462314726,1.4155466368199,34.3142724701489
0.721,0.778975618225801,1.41163278797329,34.3004407918771
0.722,0.777031427424056,1.40733825248255,34.2852230416948
0.723,0.775243549329384,1.4031586263332,34.2703713406835
0.724,0.772326685839662,1.39890046808845,34.2551986204811
0.725,0.769805245455504,1.39688844705885,34.2480145579426
0.726,0.768400872534848,1.39370718811744,34.2366361776801
0.727,0.765441024584027,1.39024971368419,34.2242427012799
0.728,0.763542909921715,1.38582553212701,34.2083425519692
0.729,0.761174123432007,1.37945152094938,34.1853524903883
0.73,0.759713777112869,1.37677142439684,34.1756565767671
0.731,0.755763012433399,1.37196930319597,34.1582401642934
0.732,0.754544748456339,1.36980060800374,34.1503563003144
0.733,0.752591620207357,1.36514176914625,34.1333810772532
0.734,0.749592395803114,1.36110282067989,34.1186213089903
0.735,0.746947634582787,1.35733456337562,34.1048143432971
0.736,0.745926864968482,1.35368378921816,34.0914041470022
0.737,0.74367432163603,1.34878387704189,34.0733531412214
0.738,0.741505653848106,1.34405133847304,34.055861343753
0.739,0.73861801148697,1.33915195215725,34.037693051518
0.74,0.735606687421724,1.33413657759309,34.0190311780295
0.741,0.734242873713064,1.33255318381629,34.0131260678463
0.742,0.733220861401212,1.32926964459182,34.0008598303636
0.743,0.729998116011191,1.32530016926254,33.9859938832002
0.744,0.727394829797348,1.32227918542114,33.9746526238451
0.745,0.725146498275863,1.31910437063966,33.9627081417372
0.746,0.722388850656255,1.31637334654776,33.9524121391878
0.747,0.719764575608808,1.31209430857572,33.9362405233553
0.748,0.718407968971445,1.30782748340732,33.9200666906647
0.749,0.717013599584295,1.30446262064928,33.9072775752277
0.75,0.715857804075278,1.3019920681824,33.8978682102561
0.751,0.714459551213884,1.29901268173509,33.8864990322824
0.752,0.712230116617669,1.29636281720946,33.8763671272832
0.753,0.710342285983798,1.29189775880153,33.8592515696209
0.754,0.707894369124352,1.29032052677905,33.8531926883203
0.755,0.706277983805833,1.28797735891486,33.8441789074581
0.756,0.703451096765444,1.28445965605057,33.8306185379552
0.757,0.701000840558031,1.2816002305039,33.8195705785185
0.758,0.69811010048341,1.27917106532314,33.8101671995237
0.759,0.69631180064067,1.2745546982681,33.7922517628089
0.76,0.693382719427138,1.27251212369386,33.7843057930145
0.761,0.692526831770871,1.27003147441189,33.7746398576554
0.762,0.691281634086844,1.26677432662163,33.7619218859992
0.763,0.689243427008211,1.26519083813396,33.755728081832
0.764,0.68716593577128,1.2618404724286,33.7425996327433
0.765,0.685261247701802,1.25841278699234,33.7291350138182
0.766,0.683152338319454,1.25552921846853,33.717781666644
0.767,0.680202091952976,1.25263224911761,33.7063514052471
0.768,0.678909796783237,1.24762619756457,33.6865421939995
0.769,0.677067854324891,1.24499173177785,33.6760881287379
0.77,0.675452287414295,1.24195372185442,33.6640074635162
0.771,0.673988759283969,1.23959110179904,33.6545937112076
0.772,0.671735569921516,1.235578441381,33.6385676167971
0.773,0.67070499356911,1.23132235255853,33.6215169706447
0.774,0.667747883038764,1.22803436106268,33.6083075929783
0.775,0.666586511850876,1.22407945163801,33.5923757998894
0.776,0.664512726421156,1.22051872745416,33.5779914373002
0.777,0.661847239198008,1.21826673444144,33.5688740892606
0.778,0.658450063985458,1.2149356346476,33.5553594886702
0.779,0.656024251607245,1.21147606218188,33.5412875991203
0.78,0.654038328154469,1.20888671641571,33.5307312156343
0.781,0.651532068593491,1.20558366244047,33.5172349785577
0.782,0.649177421693334,1.20157713050803,33.5008187066933
0.783,0.646664784770489,1.19858764698154,33.4885369006713
0.784,0.645351952418641,1.19364373998394,33.4681638309997
0.785,0.643722630747575,1.19013756618747,33.4536684449594
0.786,0.642168111040839,1.18737986178432,33.4422398553002
0.787,0.639645761285336,1.18344952357635,33.4259094219805
0.788,0.636792792201511,1.17876226756823,33.40636882778
0.789,0.634896628388228,1.17444427874442,33.3883044707889
0.79,0.632912946170359,1.1720999012165,33.3784712018382
0.791,0.630789714410082,1.16900276828294,33.3654528710891
0.792,0.629046648999205,1.16526319388015,33.3496919034096
0.793,0.62695178055547,1.16267582426802,33.3387598876895
0.794,0.625388491664996,1.15976064316837,33.3264160542837
0.795,0.62221366679472,1.15649421284574,33.3125510629793
0.796,0.620448089906601,1.15336351506123,33.2992284656524
0.797,0.618482821909535,1.15020436609771,33.2857511352551
0.798,0.616028513139936,1.14762213351599,33.2747097670294
0.799,0.614620291177613,1.14484040213825,33.2627898437303
0.8,0.611356722777101,1.141710428174,33.2493458821323
0.801,0.609792885010318,1.13882698440212,33.2369308866204
0.802,0.607284023277092,1.13476755351765,33.2194036097848
0.803,0.60577361085479,1.13042513650767,33.2005907479561
0.804,0.604507160871684,1.1260194178623,33.1814358193032
0.805,0.602342680643863,1.12310529614305,33.1687281878016
0.806,0.600950388910618,1.11987712437125,33.1546157471062
0.807,0.599378727021414,1.11721753761106,33.1429609229692
0.808,0.597817892893197,1.11531752065606,33.134619100092
0.809,0.595253575314519,1.11179414124368,33.1191155527342
0.81,0.593825064363651,1.10803615801581,33.1025300078764
0.811,0.592203920888802,1.10456514929297,33.0871651509969
0.812,0.590047159325788,1.10142818099128,33.0732408636344
0.813,0.588691764205191,1.09991735722463,33.0665216939142
0.814,0.587320327997183,1.09672308494738,33.0522877515027
0.815,0.586092920352987,1.09275718841541,33.0345624485226
0.816,0.582945855814192,1.08979056635398,33.0212647689023
0.817,0.581041016435669,1.08841643820452,33.0150940950113
0.818,0.578915204595775,1.08384883779558,32.9945313807174
0.819,0.576347594030225,1.08200444293612,32.9862056663761
0.82,0.574857642830188,1.08010301586561,32.9776088884981
0.821,0.572956433610056,1.07689749218813,32.9630845734228
0.822,0.570964414038321,1.07547260455571,32.9566156553089
0.823,0.568330506382902,1.0724302996175,32.9427774380769
0.824,0.565548236407089,1.06822785139527,32.9236029651141
0.825,0.563467264462212,1.06580595352131,32.9125212023169
0.826,0.559644241132864,1.06311299976905,32.9001720826275
0.827,0.557982331673827,1.05912023566934,32.8818095986422
0.828,0.55650872946922,1.05754560789983,32.8745505530972
0.829,0.554005478351563,1.05324201107903,32.8546603565871
0.83,0.551942606170321,1.05012289822281,32.8401980180498
0.831,0.550289257164753,1.04679052157248,32.8247033432542
0.832,0.548526955365952,1.0449780405372,32.8162568215756
0.833,0.546819939606567,1.04144929619721,32.7997736451425
0.834,0.544575341181247,1.03898866557837,32.7882494847896
0.835,0.542692715460937,1.03551664014756,32.7719459926873
0.836,0.540889054315565,1.03185312206261,32.7546890008008
0.837,0.538512776068786,1.02704887736356,32.7319734782325
0.838,0.536693487031362,1.02294212536791,32.7124786719569
0.839,0.534831038258026,1.02027757068083,32.6997916706143
0.84,0.530025078201447,1.0152156707201,32.6756062721941
0.841,0.528388138785397,1.01291453696734,32.6645751386173
0.842,0.526681499640634,1.00885301540304,32.6450490535494
0.843,0.52473098098121,1.00549426235603,32.6288472117168
0.844,0.522844480824456,1.00332792575773,32.6183710397537
0.845,0.520087234500046,1.00004440415092,32.6024527887757
0.846,0.518026819328739,0.996835041430218,32.5868478152521
0.847,0.516158236143413,0.993672549059257,32.5714257529249
0.848,0.514780274486887,0.990951461807033,32.5581202772873
0.849,0.513368067916468,0.988110630529773,32.5441936053865
0.85,0.509286135770442,0.982829182627802,32.5182047118606
0.851,0.506699187527259,0.979113533220649,32.4998441988049
0.852,0.504227416060904,0.975051892034083,32.4797010263399
0.853,0.501984015338648,0.972316518869457,32.4660920607826
0.854,0.500636480204499,0.969334100067052,32.4512140843978
0.855,0.498631573187354,0.964695272673216,32.4279897036789
0.856,0.4960725974268,0.962855771499948,32.4187519493066
0.857,0.49424924392428,0.961279685042539,32.4108242007583
0.858,0.4920009027589,0.959062861922436,32.399653417566
0.859,0.489005124778095,0.955442829752036,32.3813609334589
0.86,0.486832645506249,0.95260433288906,32.3669733220516
0.861,0.485450801722625,0.950417587050415,32.355862547721
0.862,0.483412178243747,0.948087817225246,32.3439993617948
0.863,0.482411725296151,0.945469708973063,32.3306361526629
0.864,0.479540280942762,0.941277237280954,32.3091666308052
0.865,0.478498419800628,0.938707991841825,32.2959664195605
0.866,0.476442916947736,0.935959749943124,32.2818100071649
0.867,0.474404783784077,0.933096582745599,32.2670211926226
0.868,0.472793565654672,0.929297739702243,32.247335366633
0.869,0.470958103390849,0.924839773892383,32.224140047226
0.87,0.469673823564174,0.921348744190634,32.2059044652618
0.871,0.468178081272872,0.91842598885296,32.1905887412923
0.872,0.465460209199462,0.914809184728681,32.1715744020728
0.873,0.462381134604097,0.908810459197608,32.1398860419117
0.874,0.460848282569085,0.906520420705245,32.1277385337612
0.875,0.459722487549818,0.903838899031453,32.1134787749211
0.876,0.457948741922848,0.900619891946023,32.0963097317938
0.877,0.456437519389621,0.896662483458182,32.0751254559255
0.878,0.454989337638428,0.892281592975547,32.0515745856322
0.879,0.452925585266143,0.889322782334432,32.0356088324751
0.88,0.451045974662506,0.886963741827614,32.0228447026986
0.881,0.449161984641089,0.8831441288228,32.0021120343156
0.882,0.447667413733576,0.880016156942608,31.9850725875779
0.883,0.445730493767484,0.873898543607962,31.9515870616475
0.884,0.443822936564286,0.871851143836637,31.9403326338148
0.885,0.442135487827143,0.870907790504771,31.9351389718635
0.886,0.438562859630749,0.867989453402768,31.9190394478751
0.887,0.437339752582369,0.863113915161733,31.8920323088025
0.888,0.435381153691549,0.860056482749335,31.8750252244877
0.889,0.433236904096044,0.856430059120113,31.8547815450996
0.89,0.431547202653848,0.85307123426733,31.8359618942994
0.891,0.428845102395345,0.850932005074064,31.8239404777476
0.892,0.427573178087262,0.848384843602396,31.8095907275148
0.893,0.425546850968969,0.846320303532784,31.7979310631896
0.894,0.422769893700155,0.843718856035758,31.7832022268215
0.895,0.420564199222761,0.838494364893612,31.7534969246147
0.896,0.418653271128798,0.835634433553568,31.73716452978
0.897,0.417197913443811,0.833148421413272,31.722926097926
0.898,0.414527763624079,0.829961027952017,31.7046138640718
0.899,0.412901302882224,0.82844586997037,31.6958865069496
0.9,0.4101639794255,0.826395631765032,31.6840539086071
0.901,0.408675429870138,0.821567869295455,31.6560854142168
0.902,0.407188114300564,0.819111408393244,31.641797021865
0.903,0.405708511308744,0.815340111247458,31.6197846002648
0.904,0.404781500271565,0.811080165663646,31.5948083014746
0.905,0.401957356745177,0.806795851956163,31.5695684505407
0.906,0.399937829744832,0.803891386527775,31.5523881452897
0.907,0.398221647940947,0.800552596403838,31.5325688442281
0.908,0.39656398593115,0.796169550832298,31.5064363112367
0.909,0.395106673345542,0.793233999316077,31.4888607405518
0.91,0.392563496839592,0.79014131385947,31.4702802813161
0.911,0.390880748345117,0.787929599635282,31.4569519802549
0.912,0.389999748969078,0.783315861422295,31.4290386698185
0.913,0.387989137306432,0.77930898773102,31.4046753636586
0.914,0.386463359936605,0.776510986431553,31.3875948385614
0.915,0.384347432456538,0.773238728040237,31.3675480684533
0.916,0.382134673544998,0.769745775730112,31.3460639966587
0.917,0.380956948428674,0.766761355911962,31.3276374395438
0.918,0.378969496355336,0.762854272792934,31.303415356667
0.919,0.376512915283286,0.756901474605742,31.2662932041268
0.92,0.374239550578553,0.753873730310512,31.2473100499433
0.921,0.373408976923674,0.750543951601338,31.2263530824349
0.922,0.371577431483236,0.747310820219444,31.2059234219161
0.923,0.369315078296847,0.744211403354744,31.1862631741034
0.924,0.366948410680942,0.740831227878097,31.1647370619834
0.925,0.365351645557068,0.736665526677742,31.1380854235719
0.926,0.362951932512362,0.732661096364959,31.1123362595579
0.927,0.36006850239762,0.728321125474804,31.0842848300154
0.928,0.358689767552864,0.72363526565897,31.0538268679937
0.929,0.356854992452148,0.720503915231013,31.0333732301105
0.93,0.355588851010007,0.71759703512604,31.014313470111
0.931,0.353742466597324,0.71289543965537,30.9833373477259
0.932,0.352379491947967,0.709724250334712,30.9623393442864
0.933,0.351240389075212,0.706630277942987,30.9417704309626
0.934,0.349871068530808,0.704860616828389,30.9299688582108
0.935,0.346500453358045,0.701016471641005,30.9042400135944
0.936,0.344723117099772,0.694536946796526,30.8605815283841
0.937,0.342890798452787,0.692374846948843,30.845931269023
0.938,0.341287107454414,0.689654801580745,30.8274413664526
0.939,0.339263787129923,0.684260566823774,30.7905768525997
0.94,0.336942868102977,0.68075220886243,30.7664588699301
0.941,0.335450253846137,0.676975403099011,30.7403692025975
0.942,0.33321493129814,0.672918300478536,30.7121958990462
0.943,0.331284049123199,0.669613388426441,30.689131950187
0.944,0.329271423707302,0.666852733177898,30.6697869950605
0.945,0.32678439692922,0.663880524758748,30.6488783226546
0.946,0.324211266470324,0.659460678546684,30.6176285546007
0.947,0.322385421146013,0.656209798123113,30.5945224350262
0.948,0.320480095618112,0.650598163401052,30.5543918422833
0.949,0.31648268023126,0.64595603058356,30.5209568562852
0.95,0.314454171977332,0.640269847998266,30.4797043661348
0.951,0.311386540145706,0.633802374129138,30.4323786284989
0.952,0.309808344434619,0.630916753753306,30.4111219381149
0.953,0.307591365367813,0.627579294572278,30.3864268082638
0.954,0.30558831749206,0.623599612448681,30.3568238126692
0.955,0.303629094977569,0.619620215032059,30.3270515303699
0.956,0.300957612197823,0.616713646718561,30.3051962233417
0.957,0.298356977568766,0.615123883861818,30.2932028997643
0.958,0.295672807893927,0.611017498883687,30.2620937141227
0.959,0.294012379626848,0.606886952978847,30.2306101536352
0.96,0.292134207970238,0.60339742863785,30.2038611882176
0.961,0.289610870342366,0.598448998303866,30.1656881806879
0.962,0.287444608589323,0.593147009255114,30.1244698147599
0.963,0.2858269555108,0.584910768529758,30.0597750020451
0.964,0.282714560125509,0.579747491304621,30.0187969626131
0.965,0.278336202041902,0.574500242079109,29.9768133161215
0.966,0.276926991881799,0.568640266540313,29.9295158622256
0.967,0.272593930618748,0.563906746610788,29.8909878835317
0.968,0.269816430700528,0.557029050804207,29.8344840432712
0.969,0.266837833861315,0.552688683943047,29.7985007018089
0.97,0.262545837977092,0.547009966096475,29.7510348524426
0.971,0.259759710484068,0.540907160398486,29.6995260246301
0.972,0.255349460214518,0.535397988237581,29.6525753688407
0.973,0.252034070381929,0.525308896887435,29.5654523996403
0.974,0.248643896969798,0.521597326583024,29.5330217010068
0.975,0.245364546251093,0.514677436643842,29.4719982004669
0.976,0.242624083341707,0.508212739890565,29.4143171705099
0.977,0.237338481236391,0.503549226105933,29.3722952855082
0.978,0.233864234859285,0.497929518618875,29.3211891382604
0.979,0.231518862857413,0.492118733433865,29.267796207656
0.98,0.227837460218238,0.484099236700133,29.1931685062607
0.981,0.224121892950637,0.478423441480185,29.1396754206695
0.982,0.221846735793523,0.472280715057961,29.081134382173
0.983,0.217860431767279,0.466955678675505,29.0298291863969
0.984,0.213708446548877,0.458001692000052,28.9423619398342
0.985,0.210015815852537,0.449099267548008,28.8538610185531
0.986,0.206685147865151,0.439856199155631,28.7602898048154
0.987,0.204763378109725,0.431046503591688,28.6694472878953
0.988,0.198750230815585,0.422434205219982,28.579014466645
0.989,0.195523715761269,0.41602695856832,28.5106558932752
0.99,0.190763886988384,0.403488673085617,28.3741080077325
0.991,0.183609150458058,0.39576299934081,28.2880650098993
0.992,0.178354771605552,0.388450269800653,28.2052229198382
0.993,0.171077574089978,0.379630104757507,28.1034245154585
0.994,0.163793427140539,0.364207654557039,27.9202247663334
0.995,0.156613101964978,0.346930609396934,27.7065624197067
0.996,0.15213602370428,0.327104054483852,27.4493222096138
0.997,0.142376422470686,0.305295769109627,27.1497702069105
0.998,0.125899702215642,0.28688890432554,26.8817027157257
0.999,0.109182726530374,0.254531264256777,26.3709570829086
